2018-10-07 17:57:07.271277,FabHomeDecor Fabric Double Sofa Bed,4,32157.0
2018-10-09 00:36:57.671277,AW Bellies,37,999.0
2018-10-12 01:00:28.871277,Sicons All Purpose Arnica Dog Shampoo,22,220.0
2018-10-11 01:17:45.671277,Eternal Gandhi Super Series Crystal Paper Weights  with Silver Finish,33,430.0
2018-10-09 10:19:40.871277,FabHomeDecor Fabric Double Sofa Bed,1,32157.0
2018-10-08 10:48:28.871277,dilli bazaaar Bellies| Corporate Casuals| Casuals,69,699.0
2018-10-10 08:30:43.271277,Ladela Bellies,79,1724.0
2018-10-09 02:06:43.271277,Carrel Printed Women's,12,2299.0
2018-10-10 09:28:48.071277,Freelance Vacuum Bottles 350 ml Bottle,43,699.0
2018-10-12 05:37:26.471277,FabHomeDecor Fabric Double Sofa Bed,2,32157.0
2018-10-09 06:57:36.071277,Style Foot Bellies,81,899.0
2018-10-11 13:43:40.871277,Carrel Printed Women's,38,2499.0
2018-10-11 12:02:52.871277,FabHomeDecor Fabric Double Sofa Bed,3,32157.0
2018-10-08 13:27:21.671277,Sicons Conditioning Conditoner Dog Shampoo,26,110.0
2018-10-11 19:49:26.471277,dongli Printed Boy's Round Neck T-Shirt,16,2400.0
2018-10-08 22:02:52.871277,SWAGGA Women Clogs,39,1500.0
2018-10-10 14:28:19.271277,Kennel Rubber Dumbell With Bell - Small Rubber Rubber Toy For Dog,26,190.0
2018-10-08 00:04:19.271277,Veelys Shiny White Quad Roller Skates - Size 4.5 UK,52,3199.0
2018-10-08 07:00:28.871277,Bulaky vanity case Jewellery Vanity Case,40,499.0
2018-10-10 01:23:02.471277,FDT Women's Leggings,58,699.0
2018-10-07 08:30:14.471277,Madcaps C38GR30 Men's Cargos,25,2199.0
2018-10-07 14:05:45.671277,Bengal Blooms Rose Artificial Plant  with Pot,77,799.0
2018-10-09 11:24:00.071277,Indcrown Net Embroidered Semi-stitched Lehenga Choli Material,9,999.0
2018-10-12 11:46:33.671277,Shopmania Music Band A5 Notebook Spiral Bound,65,499.0
2018-10-08 13:21:36.071277,Shopmania Music Band A5 Notebook Spiral Bound,77,499.0
2018-10-08 04:14:52.871277,"Tiara Diaries 2016-2017 Designer LA Kaarta ""TAKING ACTION GETTING RESULT"" (Set of 3) B5 Notebook Hard Bound",11,1000.0
2018-10-07 18:21:36.071277,KAJCI Embroidered Women's Waistcoat,92,1200.0
2018-10-10 17:01:55.271277,Packman 8 x 10 inches Security Bags Without POD Jacket Courier Bag Security Bag,9,350.0
2018-10-10 14:38:24.071277,Pick Pocket Embroidered Women's Waistcoat,24,899.0
2018-10-11 03:16:19.271277,Angelfish Silk Potali Potli,28,999.0
2018-10-10 11:09:36.071277,Oye Boy's Dungaree,71,899.0
2018-10-08 16:14:24.071277,Nuride Canvas Shoes,98,1999.0
2018-10-08 21:57:07.271277,OM SHIVAKRITI Square wall Clock Showpiece  -  38.1 cm,97,1499.0
2018-10-06 23:45:36.071277,Himmlisch ST381 Magnetic Sun Shade For Maruti Alto,73,6999.0
2018-10-12 13:52:48.071277,Rapter BNC-179 BNC Wire Connector,63,2299.0
2018-10-08 00:05:45.671277,Vishudh Printed Women's Straight Kurta,3,999.0
2018-10-06 14:09:36.071277,Vishudh Printed Women's Straight Kurta,98,999.0
2018-10-06 21:47:02.471277,Vishudh Printed Women's Anarkali Kurta,1,999.0
2018-10-11 01:27:50.471277,AW Bellies,90,999.0
2018-10-09 17:05:45.671277,Sicons All Purpose Arnica Dog Shampoo,89,220.0
2018-10-09 06:26:52.871277,Eternal Gandhi Super Series Crystal Paper Weights  with Silver Finish,82,430.0
2018-10-11 08:36:28.871277,FabHomeDecor Fabric Double Sofa Bed,6,32157.0
2018-10-12 05:27:50.471277,dilli bazaaar Bellies| Corporate Casuals| Casuals,11,699.0
2018-10-06 17:16:19.271277,Ladela Bellies,2,1724.0
2018-10-06 09:20:38.471277,Carrel Printed Women's,52,2299.0
2018-10-08 23:25:55.271277,Freelance Vacuum Bottles 350 ml Bottle,68,699.0
2018-10-09 11:05:45.671277,FabHomeDecor Fabric Double Sofa Bed,2,32157.0
2018-10-10 13:36:57.671277,Style Foot Bellies,71,899.0
2018-10-10 21:56:38.471277,Carrel Printed Women's,23,2499.0
2018-10-08 12:57:36.071277,FabHomeDecor Fabric Double Sofa Bed,4,32157.0
2018-10-06 17:10:33.671277,Sicons Conditioning Conditoner Dog Shampoo,76,110.0
2018-10-10 00:37:26.471277,dongli Printed Boy's Round Neck T-Shirt,76,2400.0
2018-10-06 21:14:52.871277,SWAGGA Women Clogs,27,1500.0
2018-10-12 14:30:14.471277,Kennel Rubber Dumbell With Bell - Small Rubber Rubber Toy For Dog,6,190.0
2018-10-07 13:45:36.071277,Veelys Shiny White Quad Roller Skates - Size 4.5 UK,1,3199.0
2018-10-07 11:40:48.071277,Bulaky vanity case Jewellery Vanity Case,45,499.0
2018-10-10 18:14:52.871277,FDT Women's Leggings,11,699.0
2018-10-11 12:03:21.671277,Madcaps C38GR30 Men's Cargos,68,2199.0
2018-10-06 23:26:52.871277,Bengal Blooms Rose Artificial Plant  with Pot,3,799.0
2018-10-11 13:44:09.671277,Indcrown Net Embroidered Semi-stitched Lehenga Choli Material,96,999.0
2018-10-09 20:34:33.671277,Shopmania Music Band A5 Notebook Spiral Bound,55,499.0
2018-10-06 19:48:00.071277,Shopmania Music Band A5 Notebook Spiral Bound,47,499.0
2018-10-10 13:51:21.671277,BuildTrack PIR Wireless Motion Sensor - One Switch Control Wireless Sensor Security System,94,6500.0
2018-10-10 10:40:19.271277,Skayvon SUMMERSIBLE SINGLE PHASE PUMP CONTROLLER Wired Sensor Security System,5,9990.0
2018-10-11 20:49:55.271277,MASARA Solid Women's Straight Kurta,67,1399.0
2018-10-12 08:35:02.471277,Vishudh Printed Women's Straight Kurta,76,899.0
2018-10-10 17:33:07.271277,Rapter BNC-047 BNC Wire Connector,83,1299.0
2018-10-07 04:11:31.271277,Sicons All Purpose Arnica Dog Shampoo,23,220.0
2018-10-12 10:59:31.271277,Skayvon SUBMERSIBBLE THREE PHASE PUMP CONTROLLER Wired Sensor Security System,34,8999.0
2018-10-08 19:54:43.271277,Vishudh Printed Women's Straight Kurta,1,899.0
2018-10-07 06:49:55.271277,Behringer Xenyx 502 Analog Sound Mixer,15,10000.0
2018-10-06 16:39:50.471277,Vishudh Printed Women's Straight Kurta,93,899.0
2018-10-12 02:04:48.071277,Vishudh Printed Women's Straight Kurta,1,899.0
2018-10-08 02:09:07.271277,MASARA Solid Women's Straight Kurta,16,1399.0
2018-10-07 07:46:04.871277,MASARA Solid Women's Straight Kurta,34,1399.0
2018-10-11 15:50:24.071277,Roadster Men's Zipper Solid Cardigan,70,1399.0
2018-10-11 09:27:50.471277,Carrel Printed Women's,66,2299.0
2018-10-11 07:58:04.871277,Freelance Vacuum Bottles 350 ml Bottle,73,699.0
2018-10-11 14:29:16.871277,FabHomeDecor Fabric Double Sofa Bed,8,32157.0
2018-10-08 20:36:57.671277,Style Foot Bellies,77,899.0
2018-10-11 02:02:52.871277,Carrel Printed Women's,86,2499.0
2018-10-08 13:43:12.071277,FabHomeDecor Fabric Double Sofa Bed,12,32157.0
2018-10-10 01:49:26.471277,Sicons Conditioning Conditoner Dog Shampoo,93,110.0
2018-10-10 23:46:04.871277,dongli Printed Boy's Round Neck T-Shirt,1,2400.0
2018-10-10 13:37:26.471277,SWAGGA Women Clogs,17,1500.0
2018-10-07 01:36:00.071277,Kennel Rubber Dumbell With Bell - Small Rubber Rubber Toy For Dog,63,190.0
2018-10-06 16:49:55.271277,Veelys Shiny White Quad Roller Skates - Size 4.5 UK,59,3199.0
2018-10-06 18:22:04.871277,Bulaky vanity case Jewellery Vanity Case,57,499.0
2018-10-08 15:14:52.871277,FDT Women's Leggings,80,699.0
2018-10-07 17:52:48.071277,Madcaps C38GR30 Men's Cargos,54,2199.0
2018-10-10 10:36:57.671277,Vishudh Printed Women's Straight Kurta,15,999.0
2018-10-09 13:15:50.471277,Noor Embroidered Women's Straight Kurta,87,1649.0
2018-10-10 00:28:48.071277,MASARA Solid Women's Straight Kurta,97,1399.0
2018-10-10 13:05:16.871277,Vishudh Printed Women's Straight Kurta,37,899.0
2018-10-08 19:25:26.471277,Libas Printed Women's A-line Kurta,40,899.0
2018-10-09 20:25:55.271277,Libas Printed Women's Anarkali Kurta,64,1849.0
2018-10-07 01:29:16.871277,MASARA Solid Women's Straight Kurta,14,999.0
2018-10-10 22:48:57.671277,HRS ULTIMATE BOY Chest Pads,48,440.0
2018-10-08 00:53:45.671277,Vermello Men Casual Brown Genuine Leather Belt,19,1495.0
2018-10-07 14:43:12.071277,HRS CLUB BOY Thigh Pads,33,280.0
2018-10-08 21:15:50.471277,Ligans NY Men Formal Black Genuine Leather Belt,49,795.0
2018-10-11 11:57:36.071277,Elegance Polyester Multicolor Abstract Eyelet Door Curtain,22,1899.0
2018-10-12 09:24:57.671277,Liza Women Wedges,3,1990.0
2018-10-11 04:00:00.071277,HRS ULTIMATE BOY Elbow Pads,81,250.0
2018-10-08 18:19:12.071277,Sathiyas Cotton Bath Towel,96,600.0
2018-10-10 21:39:21.671277,HRS ULTIMATE MEN Chest Pads,3,440.0
2018-10-07 00:28:48.071277,SANTOSH ROYAL FASHION Cotton Printed King sized Double Bedsheet,30,2699.0
2018-10-07 23:54:43.271277,CASEDEAL Microsoft Nokia lumia x2 Back Panel,28,1999.0
2018-10-10 00:35:02.471277,Mario Gotze Women's Printed Casual Orange Shirt,75,1499.0
2018-10-11 08:29:16.871277,Jaipur Print Cotton Floral King sized Double Bedsheet,48,2599.0
2018-10-10 21:53:16.871277,Shilpi NHSCN003 Coin Bank,84,900.0
2018-10-06 09:00:00.071277,Jaipur Print Cotton Floral King sized Double Bedsheet,43,2599.0
2018-10-06 21:09:36.071277,Babeezworld Dungaree Baby Boy's  Combo,60,999.0
2018-10-07 14:00:00.071277,Redbag Eight Armed Goddess Sherawali Maa Showpiece  -  10.8 cm,59,1600.0
2018-10-07 11:04:48.071277,Proence Weight Gainers| Mass Gainers,21,1025.0
2018-10-06 17:11:02.471277,Discountgod Men's Checkered Casual Shirt,73,750.0
2018-10-10 17:13:26.471277,Silver Streak Men's Printed Casual Denim Shirt,22,1299.0
2018-10-07 18:26:24.071277,Cobra Paris CO6394A1 Analog Watch  - For Men| Boys,62,18995.0
2018-10-11 21:07:40.871277,TEN TEN Women's Black Knee Length Boots Boots,71,4995.0
2018-10-11 10:08:38.471277,Aries Gold G 729 S-BK Analog Watch  - For Men| Boys,37,13699.0
2018-10-11 19:43:12.071277,Carlton Boots,35,3495.0
2018-10-11 06:18:43.271277,Maserati Time R8851116001 Analog Watch  - For Boys,60,24400.0
2018-10-10 12:47:31.271277,Vizion 8503B-1RED Cold Light Digital Watch  - For Boys| Girls,43,1095.0
2018-10-11 07:54:14.471277,Camerii WM64 Elegance Analog Watch  - For Men| Boys,24,1099.0
2018-10-08 15:14:24.071277,Reckler Slim Fit Men's Jeans,82,5398.0
2018-10-09 13:57:36.071277,Quechua Arpenaz Novadry Boots,41,2499.0
2018-10-11 10:35:02.471277,Colat COLAT_MW20 Sheen Analog Watch  - For Men| Women| Boys| Girls,73,3999.0
2018-10-09 08:09:36.071277,Steppings Trendy Boots,99,1799.0
2018-10-10 12:26:24.071277,Sicons All Purpose Arnica Dog Shampoo,77,220.0
2018-10-11 09:52:19.271277,Rochees RW38 Analog Watch  - For Boys,38,1415.0
2018-10-06 13:42:14.471277,Rorlig RR-028 Expedition Analog Watch  - For Men| Boys,59,1099.0
2018-10-06 09:36:28.871277,Catwalk Boots,45,2095.0
2018-10-07 14:46:04.871277,Magnum Footwear Lifestyle,49,3999.0
2018-10-11 21:30:14.471277,T STAR UFT-TSW-005-BK-BR Analog Watch  - For Boys,42,999.0
2018-10-09 12:26:52.871277,MASARA Solid Women's Straight Kurta,56,999.0
2018-10-08 15:51:21.671277,HRS ULTIMATE BOY Chest Pads,89,440.0
2018-10-08 16:00:57.671277,Vermello Men Casual Brown Genuine Leather Belt,54,1495.0
2018-10-07 22:54:14.471277,HRS CLUB BOY Thigh Pads,67,280.0
2018-10-06 13:43:12.071277,Ligans NY Men Formal Black Genuine Leather Belt,14,795.0
2018-10-08 12:28:48.071277,Elegance Polyester Multicolor Abstract Eyelet Door Curtain,5,1899.0
2018-10-07 11:38:24.071277,Liza Women Wedges,59,1990.0
2018-10-06 12:49:55.271277,HRS ULTIMATE BOY Elbow Pads,34,250.0
2018-10-10 16:04:19.271277,Sathiyas Cotton Bath Towel,92,600.0
2018-10-12 08:53:16.871277,HRS ULTIMATE MEN Chest Pads,3,440.0
2018-10-11 05:00:28.871277,SANTOSH ROYAL FASHION Cotton Printed King sized Double Bedsheet,78,2699.0
2018-10-07 11:42:14.471277,CASEDEAL Microsoft Nokia lumia x2 Back Panel,3,1999.0
2018-10-08 06:20:09.671277,Mario Gotze Women's Printed Casual Orange Shirt,78,1499.0
2018-10-08 05:05:45.671277,Jaipur Print Cotton Floral King sized Double Bedsheet,93,2599.0
2018-10-10 09:51:21.671277,Shilpi NHSCN003 Coin Bank,22,900.0
2018-10-09 23:13:55.271277,Rialto Boots,7,3295.0
2018-10-09 22:50:24.071277,Kielz Ladies Boots,86,2499.0
2018-10-08 07:26:52.871277,Alfajr WY16B Youth Digital Watch  - For Men| Boys,49,5495.0
2018-10-07 10:48:57.671277,La Briza Ashley Boots,35,2299.0
2018-10-06 09:35:02.471277,TAG Heuer CAU1116.BA0858 Formula 1 Analog Watch  - For Boys| Men,80,107750.0
2018-10-12 08:49:26.471277,Salt N Pepper 13-019 Femme Black Boots Boots,62,4195.0
2018-10-10 21:56:09.671277,Shuz Touch Boots,50,1499.0
2018-10-11 07:25:26.471277,Wrangler Skanders Fit Men's Jeans,25,2795.0
2018-10-08 23:45:36.071277,Steppings Trendy Boots,62,3199.0
2018-10-11 17:28:48.071277,Salt N Pepper 14-664 Denny Black Boots Boots,29,4295.0
2018-10-07 17:10:04.871277,Costa Swiss CS-2001 Analog Watch  - For Boys| Men,76,1199.0
2018-10-11 01:14:52.871277,Crocs Boots,47,3995.0
2018-10-09 20:49:55.271277,Breitling AB011010/BB08 131S Chronomat 44 Analog Watch  - For Boys| Men,5,571230.0
2018-10-11 08:26:24.071277,Lyc White Casual Boots,32,1199.0
2018-10-09 00:18:14.471277,Myra Comfortable Boots,49,1049.0
2018-10-10 06:17:16.871277,Calibro SW-125 Analog-Digital Watch  - For Men| Boys,12,2000.0
2018-10-08 15:10:33.671277,Get Glamr Designer Uggy Boots,85,3499.0
2018-10-10 09:41:45.671277,Kielz Ladies Boots,30,2299.0
2018-10-09 00:38:24.071277,Kielz Ladies Boots,87,1999.0
2018-10-08 07:20:09.671277,Rochees RW50 Analog Watch  - For Boys,15,1120.0
2018-10-09 19:44:38.471277,Kielz Ladies Boots,91,2799.0
2018-10-09 06:41:16.871277,Salt N Pepper 13-516 Greta Red Boots,59,3495.0
2018-10-11 00:43:12.071277,Fluid DMF-002-GR01 Digital Watch  - For Boys,2,1699.0
2018-10-11 20:16:48.071277,Steppings Trendy Boots,16,1599.0
2018-10-08 02:41:16.871277,Rialto Boots,61,3295.0
2018-10-06 10:29:45.671277,Rorlig RR-030 Essentials Analog Watch  - For Men| Boys,37,1099.0
2018-10-08 06:32:09.671277,Wrangler Regular Fit Men's Jeans,3,3295.0
2018-10-11 12:08:38.471277,Steppings Trendy Boots,24,3499.0
2018-10-07 16:21:36.071277,Disney DW100230 Digital Watch  - For Boys| Girls,41,350.0
2018-10-10 05:34:04.871277,Salt N Pepper 13-167 Marsha Red Boots,33,3695.0
2018-10-09 01:44:09.671277,Cartier W6701005 Analog Watch  - For Boys| Men,30,201000.0
2018-10-06 20:02:24.071277,Bruno Manetti Cannelita Boots,14,3399.0
2018-10-11 01:07:12.071277,Stylistry Maxis Shde6603brwoboot3104 Boots,54,2199.0
2018-10-06 12:18:43.271277,Lois Caron LCS-4032 Analog Watch  - For Boys| Men,99,1200.0
2018-10-06 16:09:07.271277,Felix Y 39 Analog Watch  - For Boys| Men,93,1550.0
2018-10-08 18:12:28.871277,Kielz Boots,93,2999.0
2018-10-12 02:14:24.071277,Kielz Ladies Boots,11,2299.0
2018-10-07 10:13:26.471277,Sakay Country Leather Boots,21,3999.0
2018-10-12 05:18:43.271277,La Briza Black Boots,22,2299.0
2018-10-11 01:48:57.671277,Kool Kidz DMK-012-QU02 Analog Watch  - For Girls| Boys,12,375.0
2018-10-08 23:20:09.671277,Franck Bella FB0128B Analog Watch  - For Men| Boys,36,1199.0
2018-10-12 11:24:00.071277,Steppings Trendy Boots,25,2199.0
2018-10-08 22:00:28.871277,Kool Kidz DMK-003-YL 03 Analog Watch  - For Girls| Boys,20,475.0
2018-10-10 12:04:48.071277,Vizion 8502-6BLACK Sports Series Digital Watch  - For Boys| Girls,82,1095.0
2018-10-10 16:41:45.671277,Vencer Stella 7lyt1011 Digital Watch  - For Boys,11,399.0
2018-10-07 11:30:14.471277,La Briza Mile Boots,8,3999.0
2018-10-06 21:11:02.471277,Casela CAS-W-13 Basic Analog Watch  - For Boys| Girls,82,3999.0
2018-10-09 18:00:28.871277,Sneha Unique Boots,95,1799.0
2018-10-09 21:15:50.471277,Timer TC_-_690143 Analog Watch  - For Boys,71,1299.0
2018-10-08 08:49:55.271277,NE Regular Fit Men's Jeans,83,4999.0
2018-10-11 15:24:00.071277,Shuz Touch Boots,92,2995.0
2018-10-11 14:45:07.271277,Kielz Ladies Boots,73,2499.0
2018-10-09 23:21:07.271277,Kielz Ladies Boots,42,2499.0
2018-10-08 18:11:31.271277,Alfajr WY16B Youth Digital Watch  - For Men| Boys,8,5495.0
2018-10-08 10:28:48.071277,La Briza Ashley Boots,93,2299.0
2018-10-08 04:59:02.471277,TAG Heuer CAU1116.BA0858 Formula 1 Analog Watch  - For Boys| Men,62,107750.0
2018-10-11 02:30:14.471277,Salt N Pepper 13-019 Femme Black Boots Boots,9,4195.0
2018-10-06 17:11:31.271277,Shuz Touch Boots,29,1499.0
2018-10-12 06:29:45.671277,Wrangler Skanders Fit Men's Jeans,10,2795.0
2018-10-09 01:26:24.071277,Steppings Trendy Boots,29,3199.0
2018-10-12 02:34:04.871277,Salt N Pepper 14-664 Denny Black Boots Boots,54,4295.0
2018-10-08 09:09:07.271277,Costa Swiss CS-2001 Analog Watch  - For Boys| Men,77,1199.0
2018-10-12 09:07:40.871277,Crocs Boots,15,3995.0
2018-10-07 14:25:55.271277,Breitling AB011010/BB08 131S Chronomat 44 Analog Watch  - For Boys| Men,55,571230.0
2018-10-11 01:26:52.871277,Lyc White Casual Boots,92,1199.0
2018-10-09 04:31:12.071277,Myra Comfortable Boots,81,1049.0
2018-10-07 13:53:16.871277,Calibro SW-125 Analog-Digital Watch  - For Men| Boys,62,2000.0
2018-10-08 21:13:26.471277,Get Glamr Designer Uggy Boots,6,3499.0
2018-10-08 03:04:19.271277,Kielz Ladies Boots,59,2299.0
2018-10-07 19:53:45.671277,Kielz Ladies Boots,61,1999.0
2018-10-07 10:07:40.871277,Rochees RW50 Analog Watch  - For Boys,63,1120.0
2018-10-08 16:11:02.471277,Kielz Ladies Boots,59,2799.0
2018-10-10 04:20:09.671277,Salt N Pepper 13-516 Greta Red Boots,32,3495.0
2018-10-08 18:52:48.071277,Fluid DMF-002-GR01 Digital Watch  - For Boys,65,1699.0
2018-10-12 11:18:43.271277,Steppings Trendy Boots,84,1599.0
2018-10-10 20:57:07.271277,Rialto Boots,14,3295.0
2018-10-12 04:20:38.471277,Rorlig RR-030 Essentials Analog Watch  - For Men| Boys,41,1099.0
2018-10-06 18:24:00.071277,Wrangler Regular Fit Men's Jeans,52,3295.0
2018-10-07 15:29:45.671277,Steppings Trendy Boots,8,3499.0
2018-10-12 06:18:43.271277,Disney DW100230 Digital Watch  - For Boys| Girls,38,350.0
2018-10-09 00:36:28.871277,Salt N Pepper 13-167 Marsha Red Boots,30,3695.0
2018-10-08 04:45:36.071277,Cartier W6701005 Analog Watch  - For Boys| Men,47,201000.0
2018-10-09 06:00:57.671277,Colat COLAT_M08 Roman Numerals Analog Watch  - For Men| Boys,47,4999.0
2018-10-08 07:01:55.271277,Kielz Ladies Boots,65,2299.0
2018-10-08 12:55:12.071277,Belle Gambe Boots,37,3999.0
2018-10-10 00:53:16.871277,Titan 1639SL03 Analog Watch  - For Boys| Men,60,1795.0
2018-10-07 10:40:48.071277,Selfie Boots,18,1200.0
2018-10-10 21:20:38.471277,Clincher Semonday Boots,84,3499.0
2018-10-10 17:16:19.271277,Srushti Art Jewelry Megnet_Led_Sport_BlackRed1 Digital Watch  - For Men| Women| Boys| Girls,34,799.0
2018-10-11 04:00:28.871277,Kielz Ladies Boots,43,2499.0
2018-10-09 16:52:19.271277,Q&Q VQ13-008 Analog Watch  - For Girls| Boys,3,585.0
2018-10-12 06:12:00.071277,Belle Gambe Boots,27,3499.0
2018-10-07 10:29:45.671277,Escort E-1700-906_Blk Analog Watch  - For Men| Boys,96,1925.0
2018-10-11 08:51:50.471277,Roxy Boots,42,19995.0
2018-10-09 08:13:26.471277,Lee Men's Jeans,41,2699.0
2018-10-10 02:08:38.471277,Bruno Manetti 676 Boots,6,2999.0
2018-10-10 07:17:45.671277,Estilo 1056 Analog Watch  - For Boys| Men,73,1299.0
2018-10-11 00:28:48.071277,Jack klein BlackLed Digital Watch  - For Boys,3,999.0
2018-10-11 06:36:00.071277,North Moon IW-005-FK Silicone Ion Digital Watch  - For Boys| Girls| Women,32,235.0
2018-10-08 06:00:00.071277,Shuz Touch Boots,91,1499.0
2018-10-08 23:54:14.471277,Foot Candy Boots,71,2899.0
2018-10-12 00:31:12.071277,Credos Boots,99,4499.0
2018-10-08 22:33:07.271277,Rich Club Apple Shaped LED Digital Watch  - For Boys| Girls,52,999.0
2018-10-06 18:14:52.871277,Skmei AD1031-Black Formal Analog-Digital Watch  - For Men| Boys,35,2499.0
2018-10-09 08:16:48.071277,Kielz Ladies Boots,21,2799.0
2018-10-11 13:38:24.071277,Kms Ironman_Look_Led_Black11 Digital Watch  - For Men| Women| Girls| Boys,67,1395.0
2018-10-09 22:01:55.271277,Anand Archies Boots,54,499.0
2018-10-06 17:54:14.471277,Magnum Footwear Lifestyle Boots,99,2999.0
2018-10-09 04:00:57.671277,Steppings Trendy Boots,1,2199.0
2018-10-06 13:41:45.671277,Swag 670038 Analog Watch  - For Boys,74,2499.0
2018-10-10 14:59:02.471277,Bonzer Boots,36,999.0
2018-10-09 02:36:00.071277,Roadster Skinny Fit Fit Men's Jeans,91,2499.0
2018-10-09 19:54:43.271277,Selfie Black Denim Boots,17,1000.0
2018-10-08 05:09:36.071277,Steppings Boots Boots,46,3199.0
2018-10-09 17:06:43.271277,Q&Q LLA2-213 Digital Watch  - For Boys| Girls,6,645.0
2018-10-12 10:46:04.871277,Belle Gambe Winter Boots,91,3499.0
2018-10-11 12:12:57.671277,Hala Red In Black trendy digital Digital Watch  - For Boys| Girls| Men,36,399.0
2018-10-08 22:18:14.471277,Kielz Ladies Boots,1,2499.0
2018-10-06 16:36:57.671277,Kielz Boots,40,2499.0
2018-10-07 13:19:40.871277,Franck Bella FB74C Analog Watch  - For Boys| Men,49,1299.0
2018-10-09 19:48:00.071277,Carlton London Boots,47,2295.0
2018-10-10 08:13:55.271277,Ridas Apl_led_black Apple Shape Digital Watch  - For Boys,14,349.0
2018-10-11 14:55:12.071277,Shuz Touch Boots,10,4495.0
2018-10-07 13:12:57.671277,La Briza Andria Boots,92,2099.0
2018-10-09 04:12:00.071277,Skmei 1070BLK Sports Analog-Digital Watch  - For Men| Boys,93,2345.0
2018-10-07 04:48:57.671277,Kielz Ladies Boots,20,1899.0
2018-10-08 18:59:02.471277,Carlton London Boots,21,1995.0
2018-10-09 02:33:36.071277,Skmei AD1057-Dark-Orange Sports Analog-Digital Watch  - For Men| Boys,30,1799.0
2018-10-08 07:23:02.471277,Urban Country Ladies Boots,14,3299.0
2018-10-12 08:30:14.471277,Now SP-ETHNIC Analog Watch  - For Boys,86,600.0
2018-10-08 07:57:07.271277,Disney MSFR190-01B Analog Watch  - For Boys| Girls,11,1350.0
2018-10-11 06:17:45.671277,Get Glamr Designer Yuvu Boots,28,3499.0
2018-10-12 07:06:43.271277,Kielz Boots,14,2499.0
2018-10-06 09:31:40.871277,Belle Gambe Boots,28,3999.0
2018-10-06 10:42:43.271277,Remson India Boots,71,3999.0
2018-10-12 08:27:21.671277,Steppings Trendy Boots,3,1599.0
2018-10-10 12:55:12.071277,Jacques Farel KWD2324 Analog Watch  - For Boys,98,2850.0
2018-10-06 16:26:52.871277,Rialto Boots,56,2795.0
2018-10-10 20:04:48.071277,Salt N Pepper 13-455 Pisa Black Boots,17,4995.0
2018-10-06 13:54:43.271277,Oxter Chrono Blue Italia Analog Watch  - For Men| Boys,59,999.0
2018-10-08 13:44:38.471277,Klaur Melbourne Boots,96,3499.0
2018-10-12 14:15:50.471277,Positif Pfbk612 Analog Watch  - For Men| Boys,78,1100.0
2018-10-10 16:01:55.271277,Selfie Boots,41,1200.0
2018-10-08 06:49:55.271277,D'SIGNER 688RGM _BRN Analog Watch  - For Men| Boys,6,8995.0
2018-10-08 19:11:31.271277,Salt N Pepper 13-019 Femme Taupe Boots Boots,73,4195.0
2018-10-09 19:46:04.871277,Franck Bella FB127A Analog Watch  - For Boys| Men,7,1250.0
2018-10-12 14:27:21.671277,Get Glamr Stylish Boots,50,1999.0
2018-10-07 18:07:40.871277,Felix 3541 W-S METAL Analog Watch  - For Boys| Girls,34,1350.0
2018-10-06 17:36:28.871277,Steppings Trendy Boots,43,1799.0
2018-10-11 10:53:45.671277,Steppings Boots Boots,68,3199.0
2018-10-11 17:56:38.471277,Skmei DG0939-Red Sports Digital Watch  - For Men| Boys,49,1499.0
2018-10-07 20:45:07.271277,Do Bhai Boots,66,799.0
2018-10-12 01:20:09.671277,Vizion 8502-4BLUE Sports Series Digital Watch  - For Boys| Girls,9,1095.0
2018-10-10 15:42:14.471277,Steppings Boots Boots,89,3199.0
2018-10-08 09:03:50.471277,Steppings Trendy Boots,48,3499.0
2018-10-10 06:34:04.871277,Sam Stefy Boots,89,1050.0
2018-10-12 05:29:45.671277,TEN TEN Women's Tan Mid Length Boots Boots,75,4495.0
2018-10-07 20:35:31.271277,Remson India Boots,94,3999.0
2018-10-08 11:17:45.671277,Get Glamr Dazzle Boots,83,3499.0
2018-10-11 15:13:26.471277,Jack Klein Goldjack Analog Watch  - For Boys| Men,34,1999.0
2018-10-11 17:27:50.471277,Dearfoams Boots,71,1820.0
2018-10-10 17:02:52.871277,fastrack 38015PL01 Analog Watch  - For Men| Boys,79,2495.0
2018-10-11 00:48:28.871277,Kielz Ladies Boots,18,2799.0
2018-10-06 14:04:19.271277,A Avon PK_504 Analog Watch  - For Men| Boys,53,2499.0
2018-10-10 23:14:52.871277,Kielz Ladies Boots,5,1999.0
2018-10-08 23:56:38.471277,Franck Bella FB0122DD Analog Watch  - For Men| Boys,77,1299.0
2018-10-07 10:12:28.871277,Catwalk Boots,17,2095.0
2018-10-12 02:05:45.671277,Rialto Boots,6,3295.0
2018-10-09 17:57:07.271277,Salt N Pepper 12-298 Taupe Boots,14,4395.0
2018-10-08 21:48:00.071277,Alfajr WQ18 Qibla Compass Digital Watch  - For Men| Boys| Girls,41,8995.0
2018-10-06 09:26:24.071277,Magnum Footwear Lifestyle Boots,61,5999.0
2018-10-10 05:07:40.871277,Steppings Trendy Boots,96,3599.0
2018-10-08 06:34:04.871277,Sale Funda SFGFU694 Analog Watch  - For Boys| Men,20,2499.0
2018-10-08 10:36:28.871277,Steppings Trendy Boots,83,2199.0
2018-10-12 07:30:43.271277,Britex BT2050+BT3101 He & She Analog Watch  - For Couple| Women| Men| Boys| Girls,20,1990.0
2018-10-10 14:34:04.871277,TSG Kelz Boots,39,2650.0
2018-10-07 10:19:40.871277,3wish CUR-BLUE Silver Blue 8023 Analog Watch  - For Boys| Men,93,2999.0
2018-10-10 22:35:02.471277,J.D.H. 111-222 Boots,31,1500.0
2018-10-10 06:55:40.871277,Disney 98189 Analog Watch  - For Boys| Girls,82,1800.0
2018-10-06 14:14:24.071277,Get Glamr Designer Snowra Boots,39,2799.0
2018-10-08 20:24:28.871277,Lenco DCOMPASS2010 Quazi Analog-Digital Watch  - For Men| Boys,54,1999.0
2018-10-11 01:00:28.871277,Pinza Black Christmas Boots,5,3350.0
2018-10-07 10:30:14.471277,Kielz Ladies Boots,99,2799.0
2018-10-10 18:42:14.471277,Salt N Pepper 13-552 Rebacca Almond Boots,13,3495.0
2018-10-09 17:34:33.671277,Rockstar R_056 Chrono Analog Watch  - For Men| Boys,95,1299.0
2018-10-10 03:06:43.271277,Disney DW100405 Digital Watch  - For Boys,75,1495.0
2018-10-06 20:49:55.271277,Selfie Boots,91,1200.0
2018-10-11 05:07:12.071277,Vizion 8502-7PURPLE Sports Series Digital Watch  - For Boys| Girls,38,1095.0
2018-10-07 07:05:16.871277,Belle Gambe Boots,3,3499.0
2018-10-08 21:07:12.071277,Disney LP-1008 (Yellow) Analog Watch  - For Boys| Girls,72,795.0
2018-10-08 07:41:45.671277,Elantra S 10 Analog Watch  - For Boys| Men,87,2150.0
2018-10-06 13:25:26.471277,Willy Winkies Black Boots,26,1499.0
2018-10-09 11:00:57.671277,Marvel DW100243 Digital Watch  - For Boys| Girls,73,299.0
2018-10-08 00:28:19.271277,DJH Boots,73,999.0
2018-10-12 12:24:28.871277,Franck Bella FB123D Analog Watch  - For Men| Boys,70,1645.0
2018-10-10 04:06:14.471277,Get Glamr Stylish Boots,14,1999.0
2018-10-07 02:46:33.671277,Skmei DG1010-Black-Gold Sports Digital Watch  - For Men| Boys| Women| Girls,30,1299.0
2018-10-12 14:02:52.871277,Magnum Footwear Lifestyle Boots,14,5999.0
2018-10-09 23:28:19.271277,Pinza Blue Cowboy Boots,37,3250.0
2018-10-09 11:31:40.871277,Magnum Footwear Lifestyle Boots,72,3599.0
2018-10-12 09:03:21.671277,Steppings Trendy Boots,94,2199.0
2018-10-11 15:23:02.471277,Eleganzza Denim Denim Analog Watch  - For Men| Women| Boys| Girls| Couple,38,1299.0
2018-10-06 12:07:40.871277,CatBird Boots,24,1399.0
2018-10-10 03:12:00.071277,Bruno Manetti 664 Boots,43,2999.0
2018-10-10 16:26:52.871277,Lenco Bdblue Tango Analog Watch  - For Men| Boys,47,1499.0
2018-10-10 06:14:24.071277,Get Glamr Designer Kuyal Boots,98,2799.0
2018-10-06 22:56:09.671277,Zoop C4040PP03 Digital Watch  - For Boys| Girls,67,750.0
2018-10-08 05:00:00.071277,Shoppingekart DS0222 Rewin Pack of 3 Digital Watch  - For Boys| Girls| Couple| Men,59,2399.0
2018-10-06 13:15:50.471277,Stylistry Maxis Sa3228-25relong1712 Boots,50,2299.0
2018-10-12 07:08:09.671277,Steppings Trendy Boots,71,1799.0
2018-10-12 04:52:48.071277,Salt N Pepper 14-475 Dorthea Almond Boots Boots,14,4695.0
2018-10-11 21:48:00.071277,D'Signer 681GM_WHT Analog Watch  - For Men| Boys,59,6995.0
2018-10-09 14:17:16.871277,Rialto Boots,60,2495.0
2018-10-11 11:12:00.071277,SwissFire 205SM005 Analog Watch  - For Boys| Men,22,2195.0
2018-10-08 13:46:33.671277,Get Glamr Designer Uggy Boots,84,3499.0
2018-10-10 07:13:26.471277,A Avon PK_741 Analog Watch  - For Men| Boys,29,1299.0
2018-10-08 12:58:04.871277,Carl 3346-1-Cheetablue Boots,13,2299.0
2018-10-06 19:47:02.471277,Logues LGSWATCH61003PP DIGI YELLOW Sports Analog-Digital Watch  - For Boys,70,1235.0
2018-10-12 03:12:57.671277,Kielz Ladies Boots,8,2799.0
2018-10-12 10:27:50.471277,Swag 670014 Analog Watch  - For Boys,40,1499.0
2018-10-07 04:09:36.071277,Zoop C3030PP05 Analog Watch  - For Boys| Girls,60,650.0
2018-10-12 14:31:40.871277,20Dresses Brown Shiver Me Timbers Boots,15,2795.0
2018-10-10 23:00:57.671277,"ezyPRNT ""RH"" Golf Ball -   Size- 4.26 cm|  Diameter- 4.26 cm",54,1195.0
2018-10-09 07:49:55.271277,"ezyPRNT ""BC"" Golf Ball -   Size- 4|  Diameter- 4.26 cm",29,1195.0
2018-10-07 09:54:14.471277,"ezyPRNT ""OL"" Golf Ball -   Size- 4.26 cm|  Diameter- 4.26 cm",29,1195.0
2018-10-06 23:14:24.071277,"ezyPRNT ""CV"" Golf Ball -   Size- 4|  Diameter- 4.26 cm",30,1195.0
2018-10-06 14:08:09.671277,Traditions Printed Protective Men's Gloves,81,500.0
2018-10-09 13:06:14.471277,First Choice Cotton Embroidered Diwan Set,75,2199.0
2018-10-12 15:01:26.471277,Nechams Resin Magnetic Magnetic Melamine Small Whiteboards,92,1799.0
2018-10-06 16:36:00.071277,Traditions Printed Protective Men's Gloves,14,500.0
2018-10-11 04:05:45.671277,First Choice Cotton Embroidered Diwan Set,77,2199.0
2018-10-07 02:44:09.671277,First Choice Cotton Embroidered Diwan Set,37,2199.0
2018-10-08 07:19:12.071277,JASPO Thunder Intact Superior Senior Skates Combo (skates+helmet+knee+elbow+bag)suitable for age upto 6 to 14 years Skating Kit,14,1399.0
2018-10-11 06:29:16.871277,DJH Boots,74,999.0
2018-10-11 18:48:28.871277,Franck Bella FB123D Analog Watch  - For Men| Boys,72,1645.0
2018-10-06 22:27:21.671277,Get Glamr Stylish Boots,54,1999.0
2018-10-11 00:55:40.871277,Skmei DG1010-Black-Gold Sports Digital Watch  - For Men| Boys| Women| Girls,17,1299.0
2018-10-10 21:08:09.671277,Magnum Footwear Lifestyle Boots,89,5999.0
2018-10-07 12:53:16.871277,Pinza Blue Cowboy Boots,67,3250.0
2018-10-12 11:33:36.071277,Magnum Footwear Lifestyle Boots,69,3599.0
2018-10-11 11:54:14.471277,Steppings Trendy Boots,70,2199.0
2018-10-10 10:14:24.071277,Eleganzza Denim Denim Analog Watch  - For Men| Women| Boys| Girls| Couple,18,1299.0
2018-10-07 16:31:40.871277,CatBird Boots,61,1399.0
2018-10-08 14:16:19.271277,Bruno Manetti 664 Boots,5,2999.0
2018-10-09 22:51:50.471277,Lenco Bdblue Tango Analog Watch  - For Men| Boys,65,1499.0
2018-10-10 17:23:02.471277,Get Glamr Designer Kuyal Boots,31,2799.0
2018-10-09 14:46:33.671277,Zoop C4040PP03 Digital Watch  - For Boys| Girls,17,750.0
2018-10-08 10:22:33.671277,Shoppingekart DS0222 Rewin Pack of 3 Digital Watch  - For Boys| Girls| Couple| Men,87,2399.0
2018-10-11 21:00:28.871277,Stylistry Maxis Sa3228-25relong1712 Boots,71,2299.0
2018-10-07 03:27:50.471277,Steppings Trendy Boots,28,1799.0
2018-10-07 03:38:24.071277,Salt N Pepper 14-475 Dorthea Almond Boots Boots,9,4695.0
2018-10-06 12:34:04.871277,Masaba for Magic fairy Girl's Layered Pink Dress,27,1775.0
2018-10-09 01:41:45.671277,Momin Libas AK2414 Kashibo Solid Abaya No,27,3999.0
2018-10-12 13:47:31.271277,ACM Pouch for Swipe Elite Plus,40,990.0
2018-10-07 19:04:19.271277,A R ENTERPRISES musical wlking cow,62,999.0
2018-10-08 05:29:45.671277,First Choice Cotton Embroidered Diwan Set,31,2199.0
2018-10-08 14:42:14.471277,SANTOSH ROYAL FASHION Cotton Embroidered Diwan Set,19,2199.0
2018-10-08 02:57:07.271277,First Choice Cotton Embroidered Diwan Set,1,2199.0
2018-10-08 01:18:43.271277,ShoeBuzz Casuals,68,799.0
2018-10-11 20:21:07.271277,Zed Loafers,59,499.0
2018-10-10 01:34:04.871277,House This Queen Cotton Duvet Cover,61,1160.0
2018-10-09 14:51:50.471277,ACM Pouch for Intex Aqua Lions 3g,25,990.0
2018-10-10 12:35:02.471277,womaniya Alloy Bracelet,81,2000.0
2018-10-10 20:15:50.471277,Taj Pearl Alloy Cuff,66,665.0
2018-10-11 09:37:55.271277,JASPO Saphire Dual Shoe Skates Combo Size 5 Skating Kit,43,2299.0
2018-10-06 17:05:45.671277,Taj Pearl Alloy Cuff,86,665.0
2018-10-09 17:48:57.671277,Bento Musical Teddy Bear,79,199.0
2018-10-10 05:59:31.271277,Wake Up Competition Full Sleeve Striped Men's Sweatshirt,31,1495.0
2018-10-10 00:37:55.271277,Taj Pearl Alloy Cuff,46,665.0
2018-10-07 14:12:00.071277,Taj Pearl Alloy Cuff,67,665.0
2018-10-10 16:00:57.671277,Cellbazaar Blackberry 8520 WHITE LCD LCD,84,5000.0
2018-10-07 16:21:07.271277,Dressberry Gold Synthetic  Clutch,10,1299.0
2018-10-07 17:47:31.271277,Mast & Harbour Black Synthetic  Clutch,3,1899.0
2018-10-06 20:10:33.671277,JQR JQR Sports Shoes Running Shoes,61,1299.0
2018-10-08 16:23:02.471277,Sisel Printed Poly Cotton Women's Stole,34,299.0
2018-10-07 17:45:07.271277,JQR JQR Sports Shoes Running Shoes,22,999.0
2018-10-11 23:56:09.671277,Knight Ace Kraasa Sports Running Shoes| Cycling Shoes| Walking Shoes,4,1299.0
2018-10-07 15:37:26.471277,Dressberry Gold Synthetic  Clutch,21,1299.0
2018-10-11 21:52:19.271277,Great Art Floral Print Wool| Viscose| 20% Kashmiri wool| 50% Cashmilon and 30% Wool ruffle yarn Women's Stole,37,1099.0
2018-10-08 12:15:50.471277,Indistar Self Design Viscose Women's Stole,74,478.0
2018-10-11 02:42:14.471277,Mast & Harbour Black Synthetic  Clutch,89,1899.0
2018-10-09 23:40:19.271277,Glacier Running Shoes,78,629.0
2018-10-08 13:13:55.271277,Dressberry Black Synthetic  Clutch,43,1299.0
2018-10-08 01:36:57.671277,Zoe Marciano Blue Heavy-duty satin wong fabric  Clutch,73,1599.0
2018-10-09 20:13:55.271277,Asics Gel-Cumulus 17 Running Shoes,73,9499.0
2018-10-11 00:42:43.271277,Dressberry Black Synthetic  Clutch,72,1299.0
2018-10-06 12:02:24.071277,Mast & Harbour Gold Synthetic  Clutch,65,1899.0
2018-10-07 11:26:52.871277,Asics Gel-Kayano 22 Running Shoes,78,12499.0
2018-10-09 04:50:52.871277,Indistar Self Design Viscose Women's Stole,74,898.0
2018-10-12 12:52:19.271277,Dressberry Orange Synthetic  Clutch,55,1899.0
2018-10-11 06:19:12.071277,Dressberry Gold Synthetic  Clutch,11,1299.0
2018-10-12 06:01:55.271277,Dressberry Green Synthetic  Clutch,62,1899.0
2018-10-11 21:47:02.471277,Zoe Marciano Blue Heavy-duty satin wong fabric  Clutch,88,1599.0
2018-10-07 19:35:31.271277,Escan Lace Up,5,1299.0
2018-10-06 18:51:21.671277,Dressberry Gold Synthetic  Clutch,23,1299.0
2018-10-06 22:33:07.271277,Great Art Floral Print Wool| Viscose| 20% Kashmiri wool| 50% Cashmilon and 30% Wool ruffle yarn Women's Stole,69,1099.0
2018-10-10 03:49:26.471277,Indistar Self Design Viscose Women's Stole,14,478.0
2018-10-09 14:37:26.471277,Mast & Harbour Black Synthetic  Clutch,64,1899.0
2018-10-07 22:02:24.071277,Glacier Running Shoes,10,629.0
2018-10-11 03:38:24.071277,Dressberry Black Synthetic  Clutch,42,1299.0
2018-10-12 03:15:50.471277,Zoe Marciano Blue Heavy-duty satin wong fabric  Clutch,68,1599.0
2018-10-07 02:43:40.871277,Asics Gel-Cumulus 17 Running Shoes,41,9499.0
2018-10-08 00:59:02.471277,Dressberry Black Synthetic  Clutch,45,1299.0
2018-10-08 07:30:14.471277,Mast & Harbour Gold Synthetic  Clutch,26,1899.0
2018-10-10 16:49:55.271277,Asics Gel-Kayano 22 Running Shoes,98,12499.0
2018-10-12 08:25:26.471277,Indistar Self Design Viscose Women's Stole,28,898.0
2018-10-12 12:40:19.271277,Dressberry Orange Synthetic  Clutch,84,1899.0
2018-10-06 13:34:04.871277,Dressberry Gold Synthetic  Clutch,53,1299.0
2018-10-06 13:52:19.271277,Dressberry Green Synthetic  Clutch,41,1899.0
2018-10-06 11:13:26.471277,Zoe Marciano Blue Heavy-duty satin wong fabric  Clutch,58,1599.0
2018-10-10 17:36:00.071277,Escan Lace Up,21,1299.0
2018-10-09 12:57:07.271277,Dressberry Gold Synthetic  Clutch,65,1299.0
2018-10-09 07:19:40.871277,Nine Maternity Wear Women's Fit and Flare Dress,49,1825.0
2018-10-06 13:18:43.271277,Kleio Festive| Party| Casual Blue PU  Clutch,83,1899.0
2018-10-12 07:50:24.071277,Skipper Blends Aqua Striped Eyelet Window Curtain,58,1733.0
2018-10-06 10:01:55.271277,Mizuno Lightweight Hoody Solid Men's Wind Cheater,76,4999.0
2018-10-08 05:16:48.071277,Turbo MSE TEST LITE Batting Gloves (Men| White| Orange),22,1637.0
2018-10-06 11:16:19.271277,Turbo LEAGUE Batting Gloves (Men| White| Blue),19,1232.0
2018-10-07 06:13:26.471277,Stamin Mass Gainers,4,2300.0
2018-10-07 23:52:19.271277,Pure Source Psi-As-Hanggnrlx Relaxing Liquid Air Freshener,56,1250.0
2018-10-06 21:35:31.271277,Svt Ada Collections Formal Full Sleeve Checkered Women's Top,62,1199.0
2018-10-07 23:23:31.271277,Svt Ada Collections Party 3/4 Sleeve Checkered Women's Top,92,1199.0
2018-10-11 03:49:55.271277,Svt Ada Collections Casual Full Sleeve Checkered Women's Top,15,1699.0
2018-10-07 04:27:50.471277,Asian Gems & Jewels 5 Dhaatu Metal| Alloy Opal Ring,63,2746.0
2018-10-10 22:50:24.071277,Asian Gems & Jewels 5 Dhaatu Metal| Alloy Opal Ring,65,2973.0
2018-10-08 03:12:57.671277,Asian Gems & Jewels 5 Dhaatu Metal| Alloy Amethyst Ring,15,1937.0
2018-10-10 07:23:31.271277,Kings Multicolor Tassels,37,1000.0
2018-10-09 23:43:12.071277,Avsar Sachi Gold Diamond 18 K Ring,22,16880.0
2018-10-07 21:03:50.471277,Peppermint Blues Casual Sleeveless Printed Women's Top,56,399.0
2018-10-10 06:07:12.071277,Nishtaa Yellow Gold 22 K Ring,64,18350.0
2018-10-10 10:11:31.271277,Xpert Schoolboys Blk Lace Up Shoes,85,399.0
2018-10-12 04:42:14.471277,Just In Time Fashions Women's A-line Dress,71,2499.0
2018-10-10 06:42:14.471277,Yepme Women's Gathered Dress,32,1799.0
2018-10-08 10:56:38.471277,Van Heusen Men's Printed Party Shirt,76,2099.0
2018-10-09 03:05:45.671277,Eshoppee Laughing Buddha For Success And Wealth Showpiece  -  12 cm,15,799.0
2018-10-09 14:48:57.671277,Karatcraft Triniya Promise Gold Diamond 18 K Ring,52,49999.0
2018-10-06 12:01:55.271277,Nishtaa Yellow Gold 22 K Ring,70,8190.0
2018-10-12 12:08:09.671277,Mykraft Girl's A-line Dress,66,1205.0
2018-10-11 05:01:55.271277,The Cranberry Club Girl's Gathered Dress,58,1299.0
2018-10-07 23:41:45.671277,Fashion Tree Men's Solid Formal Shirt,70,999.0
2018-10-10 05:52:19.271277,Fashion Tree Men's Solid Formal Shirt,32,999.0
2018-10-11 04:34:33.671277,Fashion Tree Men's Solid Formal Shirt,22,999.0
2018-10-12 06:12:28.871277,Peter England Men's Solid Formal Shirt,90,1399.0
2018-10-06 17:00:57.671277,Gee & Bee Casual Printed Women's Kurti,61,1664.0
2018-10-10 09:09:07.271277,Gee & Bee Casual Printed Women's Kurti,51,2499.0
2018-10-11 18:09:36.071277,Dumdaar.Com Casual Short Sleeve Self Design Women's Top,54,999.0
2018-10-07 07:19:40.871277,F&S Casual| Party Short Sleeve Self Design Women's Top,81,1299.0
2018-10-10 17:52:48.071277,Oviya Casual Sleeveless Self Design Women's Top,91,999.0
2018-10-11 12:56:09.671277,The Clove Casual 3/4 Sleeve Self Design Women's Top,50,800.0
2018-10-07 21:00:00.071277,The Vanca Formal Full Sleeve Self Design Women's Top,89,1499.0